2026/09/29 15:34:14.287, 0 %, 0 MiB
2026/09/29 15:34:24.290, 0 %, 0 MiB
2026/09/29 15:34:34.292, 18 %, 1026 MiB
2026/09/29 15:34:44.294, 0 %, 1026 MiB
2026/09/29 15:34:54.295, 0 %, 8796 MiB
2026/09/29 15:35:04.297, 97 %, 12710 MiB
2026/09/29 15:35:14.298, 94 %, 12710 MiB
2026/09/29 15:35:24.300, 100 %, 12808 MiB
2026/09/29 15:35:34.301, 97 %, 12808 MiB
2026/09/29 15:35:44.303, 97 %, 12808 MiB
2026/09/29 15:35:54.304, 95 %, 12808 MiB
2026/09/29 15:36:04.305, 100 %, 12808 MiB
2026/09/29 15:36:14.307, 100 %, 12808 MiB
2026/09/29 15:36:24.309, 99 %, 12808 MiB
2026/09/29 15:36:34.311, 97 %, 12808 MiB
2026/09/29 15:36:44.312, 100 %, 12808 MiB
2026/09/29 15:36:54.314, 100 %, 12808 MiB
2026/09/29 15:37:04.316, 100 %, 12808 MiB
2026/09/29 15:37:14.317, 100 %, 12808 MiB
2026/09/29 15:37:24.319, 100 %, 12808 MiB
2026/09/29 15:37:34.321, 97 %, 12808 MiB
2026/09/29 15:37:44.323, 99 %, 12808 MiB
2026/09/29 15:37:54.324, 99 %, 12808 MiB
2026/09/29 15:38:04.326, 99 %, 12808 MiB
2026/09/29 15:38:14.328, 99 %, 12808 MiB
2026/09/29 15:38:24.329, 99 %, 12808 MiB
2026/09/29 15:38:34.331, 99 %, 12808 MiB
2026/09/29 15:38:44.333, 99 %, 12808 MiB
2026/09/29 15:38:54.334, 99 %, 12808 MiB
2026/09/29 15:39:04.336, 99 %, 12808 MiB
2026/09/29 15:39:14.338, 99 %, 12808 MiB
2026/09/29 15:39:24.339, 99 %, 12808 MiB
2026/09/29 15:39:34.341, 99 %, 12808 MiB
2026/09/29 15:39:44.343, 95 %, 12808 MiB
2026/09/29 15:39:54.344, 94 %, 12808 MiB
2026/09/29 15:40:04.346, 94 %, 12808 MiB
2026/09/29 15:40:14.348, 94 %, 12808 MiB
2026/09/29 15:40:24.350, 95 %, 12808 MiB
2026/09/29 15:40:34.351, 95 %, 12808 MiB
2026/09/29 15:40:44.353, 95 %, 12808 MiB
2026/09/29 15:40:54.354, 94 %, 12808 MiB
2026/09/29 15:41:04.356, 94 %, 12808 MiB
2026/09/29 15:41:14.358, 94 %, 12808 MiB
2026/09/29 15:41:24.359, 94 %, 12808 MiB
2026/09/29 15:41:34.361, 7 %, 12808 MiB
2026/09/29 15:41:44.363, 7 %, 12808 MiB
2026/09/29 15:41:54.364, 0 %, 12808 MiB
2026/09/29 15:42:04.366, 0 %, 0 MiB
2026/09/29 15:42:14.368, 0 %, 0 MiB
2026/09/29 15:42:24.369, 0 %, 0 MiB
2026/09/29 15:42:34.371, 0 %, 0 MiB
2026/09/29 15:42:44.373, 0 %, 0 MiB
2026/09/29 15:42:54.375, 0 %, 0 MiB
2026/09/29 15:43:04.377, 0 %, 0 MiB
2026/09/29 15:43:14.378, 0 %, 0 MiB
2026/09/29 15:43:24.380, 0 %, 0 MiB
2026/09/29 15:43:34.382, 0 %, 0 MiB
