2026/09/29 17:29:02.679, 0 %, 3 MiB
2026/09/29 17:30:02.689, 100 %, 6116 MiB
2026/09/29 17:31:02.695, 0 %, 0 MiB
2026/09/29 17:32:02.702, 0 %, 1028 MiB
2026/09/29 17:33:02.708, 0 %, 6016 MiB
2026/09/29 17:34:02.714, 93 %, 6018 MiB
2026/09/29 17:35:02.720, 93 %, 6114 MiB
2026/09/29 17:36:02.727, 93 %, 6114 MiB
2026/09/29 17:37:02.733, 0 %, 6114 MiB
2026/09/29 17:38:02.739, 0 %, 5636 MiB
2026/09/29 17:39:02.745, 0 %, 6016 MiB
2026/09/29 17:40:02.751, 100 %, 6114 MiB
2026/09/29 17:41:02.758, 93 %, 6114 MiB
2026/09/29 17:42:02.764, 64 %, 6114 MiB
2026/09/29 17:43:02.771, 71 %, 6114 MiB
2026/09/29 17:44:02.777, 93 %, 6114 MiB
2026/09/29 17:45:02.783, 89 %, 6114 MiB
2026/09/29 17:46:02.789, 66 %, 6114 MiB
2026/09/29 17:47:02.795, 89 %, 6114 MiB
2026/09/29 17:48:02.802, 64 %, 6114 MiB
2026/09/29 17:49:02.808, 93 %, 6114 MiB
2026/09/29 17:50:02.814, 91 %, 6114 MiB
2026/09/29 17:51:02.821, 63 %, 6114 MiB
2026/09/29 17:52:02.827, 0 %, 0 MiB
2026/09/29 17:53:02.834, 0 %, 0 MiB
2026/09/29 17:54:02.841, 0 %, 1028 MiB
2026/09/29 17:55:02.847, 0 %, 1028 MiB
2026/09/29 17:56:02.852, 91 %, 6072 MiB
2026/09/29 17:57:02.859, 100 %, 6072 MiB
2026/09/29 17:58:02.865, 90 %, 6072 MiB
2026/09/29 17:59:02.872, 92 %, 6072 MiB
2026/09/29 18:00:02.878, 100 %, 6072 MiB
2026/09/29 18:01:02.885, 93 %, 6072 MiB
2026/09/29 18:02:02.891, 93 %, 6072 MiB
2026/09/29 18:03:02.898, 97 %, 6072 MiB
2026/09/29 18:04:02.904, 93 %, 6072 MiB
2026/09/29 18:05:02.910, 97 %, 6072 MiB
2026/09/29 18:06:02.917, 92 %, 6072 MiB
2026/09/29 18:07:02.923, 100 %, 6072 MiB
2026/09/29 18:08:02.929, 97 %, 6072 MiB
2026/09/29 18:09:02.935, 100 %, 6072 MiB
2026/09/29 18:10:02.941, 97 %, 6072 MiB
2026/09/29 18:11:02.947, 100 %, 6072 MiB
2026/09/29 18:12:02.953, 97 %, 6072 MiB
2026/09/29 18:13:02.960, 97 %, 6072 MiB
2026/09/29 18:14:02.966, 97 %, 6072 MiB
2026/09/29 18:15:02.973, 97 %, 6072 MiB
2026/09/29 18:16:02.978, 97 %, 6072 MiB
2026/09/29 18:17:02.984, 97 %, 6072 MiB
2026/09/29 18:18:02.990, 0 %, 6072 MiB
2026/09/29 18:19:02.996, 100 %, 6072 MiB
2026/09/29 18:20:03.002, 100 %, 6072 MiB
2026/09/29 18:21:03.009, 100 %, 7466 MiB
2026/09/29 18:22:03.015, 100 %, 6072 MiB
2026/09/29 18:23:03.021, 0 %, 1028 MiB
2026/09/29 18:24:03.028, 0 %, 1028 MiB
2026/09/29 18:25:03.034, 0 %, 1028 MiB
2026/09/29 18:26:03.040, 93 %, 6156 MiB
2026/09/29 18:27:03.046, 93 %, 6156 MiB
2026/09/29 18:28:03.052, 93 %, 6156 MiB
2026/09/29 18:29:03.059, 91 %, 6156 MiB
2026/09/29 18:30:03.065, 92 %, 6156 MiB
2026/09/29 18:31:03.071, 100 %, 6156 MiB
2026/09/29 18:32:03.077, 100 %, 6156 MiB
2026/09/29 18:33:03.083, 97 %, 6156 MiB
2026/09/29 18:34:03.090, 93 %, 6156 MiB
2026/09/29 18:35:03.096, 97 %, 6156 MiB
2026/09/29 18:36:03.103, 93 %, 6156 MiB
2026/09/29 18:37:03.109, 0 %, 6156 MiB
2026/09/29 18:38:03.115, 0 %, 1468 MiB
2026/09/29 18:39:03.121, 0 %, 1468 MiB
2026/09/29 18:40:03.127, 92 %, 7064 MiB
2026/09/29 18:41:03.134, 100 %, 7064 MiB
2026/09/29 18:42:03.140, 97 %, 7066 MiB
2026/09/29 18:43:03.146, 93 %, 7066 MiB
2026/09/29 18:44:03.153, 93 %, 7066 MiB
2026/09/29 18:45:03.159, 97 %, 7066 MiB
2026/09/29 18:46:03.165, 97 %, 7066 MiB
2026/09/29 18:47:03.172, 93 %, 7066 MiB
2026/09/29 18:48:03.178, 100 %, 7066 MiB
2026/09/29 18:49:03.185, 100 %, 7066 MiB
2026/09/29 18:50:03.191, 93 %, 7066 MiB
2026/09/29 18:51:03.197, 100 %, 7066 MiB
2026/09/29 18:52:03.203, 100 %, 7066 MiB
2026/09/29 18:53:03.209, 93 %, 7066 MiB
2026/09/29 18:54:03.215, 100 %, 7066 MiB
2026/09/29 18:55:03.222, 97 %, 7066 MiB
2026/09/29 18:56:03.228, 92 %, 7066 MiB
2026/09/29 18:57:03.234, 92 %, 7066 MiB
2026/09/29 18:58:03.240, 100 %, 7066 MiB
2026/09/29 18:59:03.247, 97 %, 7066 MiB
2026/09/29 19:00:03.253, 0 %, 1468 MiB
2026/09/29 19:01:03.259, 0 %, 1468 MiB
2026/09/29 19:02:03.265, 0 %, 1468 MiB
2026/09/29 19:03:03.271, 100 %, 6672 MiB
2026/09/29 19:04:03.278, 94 %, 6672 MiB
2026/09/29 19:05:03.284, 100 %, 6672 MiB
2026/09/29 19:06:03.290, 93 %, 6674 MiB
2026/09/29 19:07:03.296, 98 %, 6674 MiB
2026/09/29 19:08:03.302, 97 %, 6674 MiB
2026/09/29 19:09:03.308, 100 %, 6674 MiB
2026/09/29 19:10:03.314, 98 %, 6674 MiB
2026/09/29 19:11:03.321, 97 %, 6674 MiB
2026/09/29 19:12:03.326, 93 %, 6674 MiB
2026/09/29 19:13:03.333, 0 %, 0 MiB
